customer_key,customer_id,country,cohort_label,net_revenue,net_revenue_cmp,returns_value,orders,revenue_rank,cumulative_revenue_share_pct
2322,14789,United Kingdom,2010-03,13537.48,767.51,38.43,3,1,5.87
1677,14122,United Kingdom,2011-02,13443.16,0.0,0.0,3,2,11.7
721,13142,France,2010-04,1634.93,949.94,0.0,6,3,12.41
380,12791,United Kingdom,2011-05,1559.14,0.0,43.44,12,4,13.09
1684,14129,United Kingdom,2011-08,1559.05,0.0,0.0,3,5,13.76
2160,14623,United Kingdom,2011-09,1498.18,0.0,0.0,7,6,14.41
861,13286,United Kingdom,2010-03,1495.95,1482.53,0.0,9,7,15.06
1812,14263,United Kingdom,2011-05,1311.29,0.0,83.86,9,8,15.63
1241,13676,United Kingdom,2010-10,1308.89,1178.14,84.92,7,9,16.2
1213,13648,United Kingdom,2011-04,1293.06,0.0,65.17,5,10,16.76
694,13114,United Kingdom,2010-03,1211.21,1626.4,92.34,6,11,17.28
1522,13965,United Kingdom,2011-09,1163.95,0.0,37.3,6,12,17.79
2118,14581,United Kingdom,2011-06,1133.09,0.0,0.0,10,13,18.28
1426,13866,United Kingdom,2011-09,1130.9,0.0,49.8,5,14,18.77
660,13079,United Kingdom,2010-09,1106.58,521.22,38.28,6,15,19.25
2029,14488,United Kingdom,2010-06,1093.73,971.72,0.0,5,16,19.72
452,12864,United Kingdom,2011-02,1068.02,0.0,0.0,7,17,20.19
351,12759,United Kingdom,2010-06,1065.18,150.71,52.02,7,18,20.65
1974,14432,United Kingdom,2011-09,1052.56,0.0,0.0,6,19,21.1
1898,14352,United Kingdom,2010-09,1030.64,590.64,0.0,6,20,21.55
1630,14075,United Kingdom,2010-04,1019.5,254.96,0.0,5,21,21.99
408,12819,United Kingdom,2011-05,1015.65,0.0,65.86,5,22,22.43
1706,14152,United Kingdom,2010-10,1006.48,576.74,0.0,4,23,22.87
2078,14539,United Kingdom,2010-11,1001.31,142.64,0.0,6,24,23.3
986,13412,United Kingdom,2010-09,997.63,96.15,150.27,5,25,23.74
808,13231,United Kingdom,2010-11,993.6,151.16,21.33,4,26,24.17
2036,14495,United Kingdom,2010-03,986.75,1295.09,0.0,4,27,24.6
30,12431,United Kingdom,2010-05,982.33,1354.06,66.12,6,28,25.02
481,12894,United Kingdom,2011-02,981.35,0.0,25.2,6,29,25.45
2294,14760,France,2010-12,978.85,0.0,29.52,5,30,25.87
787,13210,United Kingdom,2010-12,970.54,0.0,0.0,7,31,26.29
495,12909,United Kingdom,2011-02,953.08,0.0,0.0,3,32,26.71
1874,14328,France,2010-05,947.65,759.25,0.0,3,33,27.12
1128,13558,United Kingdom,2010-04,936.93,1162.84,0.0,4,34,27.52
2033,14492,United Kingdom,2010-12,920.05,0.0,0.0,6,35,27.92
1629,14074,United Kingdom,2010-10,907.58,1014.1,116.12,6,36,28.32
527,12942,United Kingdom,2010-07,900.83,299.54,73.59,6,37,28.71
280,12686,United Kingdom,2011-08,890.89,0.0,0.0,5,38,29.09
500,12914,United Kingdom,2010-08,889.72,630.87,52.8,5,39,29.48
1592,14036,United Kingdom,2010-03,884.28,84.35,0.0,6,40,29.86
950,13376,United Kingdom,2010-07,866.08,494.86,99.59,9,41,30.24
1236,13671,United Kingdom,2010-12,858.11,0.0,59.66,7,42,30.61
1277,13712,United Kingdom,2011-11,842.36,0.0,0.0,5,43,30.98
1068,13496,United Kingdom,2011-10,839.38,0.0,125.46,5,44,31.34
960,13386,EIRE,2011-10,837.86,0.0,0.0,5,45,31.7
1171,13604,United Kingdom,2009-12,836.5,473.45,12.0,7,46,32.07
669,13089,United Kingdom,2011-03,827.94,0.0,0.0,4,47,32.42
1771,14219,United Kingdom,2011-02,827.57,0.0,63.48,4,48,32.78
2062,14522,United Kingdom,2011-09,809.23,0.0,112.6,4,49,33.13
78,12480,France,2010-12,802.1,0.0,0.0,4,50,33.48
126,12528,United Kingdom,2010-07,787.0,929.21,84.51,6,51,33.82
749,13171,France,2011-05,774.22,0.0,0.0,3,52,34.16
1209,13642,United Kingdom,2010-08,761.08,625.56,12.96,5,53,34.49
2205,14669,EIRE,2011-11,758.83,0.0,0.0,5,54,34.82
62,12464,United Kingdom,2011-07,754.06,0.0,56.28,5,55,35.15
625,13044,United Kingdom,2011-07,742.48,0.0,0.0,3,56,35.47
2216,14680,United Kingdom,2010-04,740.62,665.27,27.37,5,57,35.79
279,12685,United Kingdom,2011-05,735.87,0.0,0.0,3,58,36.11
2114,14577,Germany,2011-06,732.39,0.0,0.0,4,59,36.42
775,13197,Switzerland,2010-09,724.05,883.03,40.68,4,60,36.74
1532,13976,Netherlands,2011-10,722.64,0.0,0.0,3,61,37.05
72,12474,United Kingdom,2010-09,720.71,1342.57,16.45,5,62,37.36
1469,13909,United Kingdom,2010-10,714.45,30.68,26.64,3,63,37.67
1080,13508,United Kingdom,2011-09,694.52,0.0,86.78,5,64,37.98
930,13356,United Kingdom,2010-11,691.24,508.02,25.0,3,65,38.28
969,13395,United Kingdom,2010-08,689.38,478.91,44.66,3,66,38.57
457,12869,United Kingdom,2011-07,688.32,0.0,61.34,4,67,38.87
554,12970,United Kingdom,2011-02,682.06,0.0,0.0,3,68,39.17
2174,14638,United Kingdom,2011-04,677.85,0.0,147.72,4,69,39.46
1826,14279,United Kingdom,2010-04,672.71,344.89,106.73,5,70,39.75
1190,13623,United Kingdom,2011-09,670.8,0.0,0.0,3,71,40.05
1749,14197,United Kingdom,2011-11,665.79,0.0,35.28,3,72,40.33
2151,14614,United Kingdom,2011-03,661.31,0.0,0.0,5,73,40.62
2245,14709,United Kingdom,2010-01,650.31,1157.37,26.22,4,74,40.9
667,13087,United Kingdom,2011-11,643.72,0.0,0.0,3,75,41.18
63,12465,United Kingdom,2011-10,632.33,0.0,0.0,4,76,41.46
1110,13540,United Kingdom,2010-07,628.11,420.88,20.16,5,77,41.73
2090,14551,Germany,2010-11,624.64,243.57,0.0,4,78,42.0
1074,13502,United Kingdom,2010-07,623.39,169.08,0.0,3,79,42.27
522,12937,United Kingdom,2011-01,623.14,0.0,0.0,4,80,42.54
1300,13735,United Kingdom,2011-08,622.9,0.0,29.25,3,81,42.81
2307,14774,United Kingdom,2010-12,620.15,0.0,32.45,6,82,43.08
1868,14322,United Kingdom,2011-11,614.32,0.0,22.02,6,83,43.35
2239,14703,United Kingdom,2011-05,613.67,0.0,168.66,6,84,43.61
54,12456,United Kingdom,2010-05,611.68,638.13,38.56,5,85,43.88
570,12986,United Kingdom,2011-09,606.55,0.0,17.15,4,86,44.14
1495,13936,EIRE,2011-04,605.99,0.0,0.0,4,87,44.4
67,12469,United Kingdom,2011-03,604.43,0.0,0.0,5,88,44.66
455,12867,United Kingdom,2010-12,603.25,0.0,35.49,5,89,44.93
196,12599,United Kingdom,2011-09,602.72,0.0,0.0,2,90,45.19
113,12515,United Kingdom,2010-11,601.41,413.48,0.0,3,91,45.45
1566,14010,United Kingdom,2011-07,601.05,0.0,0.0,3,92,45.71
1965,14422,United Kingdom,2010-03,599.62,351.38,49.3,4,93,45.97
291,12697,United Kingdom,2010-10,596.51,10426.36,26.16,5,94,46.23
120,12522,United Kingdom,2011-11,593.83,0.0,0.0,4,95,46.49
177,12580,United Kingdom,2011-08,590.34,0.0,147.06,6,96,46.74
1043,13470,Germany,2011-06,587.13,0.0,0.0,4,97,47.0
1607,14051,United Kingdom,2010-11,583.9,708.09,33.04,1,98,47.25
1148,13580,United Kingdom,2011-08,576.32,0.0,14.36,4,99,47.5
1900,14354,United Kingdom,2011-08,574.87,0.0,0.0,2,100,47.75
772,13194,EIRE,2011-06,568.13,0.0,0.0,4,101,47.99
949,13375,United Kingdom,2010-03,566.96,224.33,0.0,4,102,48.24
1652,14097,United Kingdom,2010-05,564.6,872.9,0.0,4,103,48.49
1407,13846,United Kingdom,2011-01,563.9,0.0,9.66,5,104,48.73
1451,13891,United Kingdom,2010-03,563.47,862.5,10.14,4,105,48.97
1998,14456,United Kingdom,2011-04,563.33,0.0,0.0,4,106,49.22
459,12871,United Kingdom,2011-04,558.53,0.0,15.86,4,107,49.46
1260,13695,United Kingdom,2011-06,556.43,0.0,0.0,3,108,49.7
1294,13729,United Kingdom,2010-07,555.12,179.97,0.0,2,109,49.94
416,12828,Switzerland,2010-11,553.46,79.17,24.3,4,110,50.18
2141,14604,United Kingdom,2011-11,552.29,0.0,0.0,2,111,50.42
2228,14692,United Kingdom,2010-11,551.86,387.73,0.0,2,112,50.66
1050,13477,United Kingdom,2010-07,547.54,183.08,0.0,3,113,50.9
1640,14085,United Kingdom,2011-04,545.54,0.0,108.9,4,114,51.14
1633,14078,United Kingdom,2011-03,545.13,0.0,0.0,3,115,51.37
81,12483,United Kingdom,2010-12,540.17,0.0,0.0,2,116,51.61
493,12907,United Kingdom,2011-04,535.25,0.0,0.0,3,117,51.84
2268,14733,United Kingdom,2011-02,533.74,0.0,0.0,3,118,52.07
2076,14537,United Kingdom,2011-05,531.12,0.0,45.28,4,119,52.3
334,12741,United Kingdom,2010-06,530.08,38.58,22.48,2,120,52.53
60,12462,United Kingdom,2011-02,529.44,0.0,27.63,4,121,52.76
424,12836,United Kingdom,2011-10,524.78,0.0,0.0,4,122,52.99
1028,13454,United Kingdom,2010-09,524.73,350.74,30.72,2,123,53.22
817,13240,United Kingdom,2011-06,522.19,0.0,0.0,3,124,53.44
2285,14751,United Kingdom,2011-07,522.19,0.0,0.0,4,125,53.67
2071,14532,Spain,2011-11,521.76,0.0,0.0,1,126,53.89
1316,13752,United Kingdom,2011-09,521.52,0.0,0.0,4,127,54.12
1249,13684,United Kingdom,2011-11,519.6,0.0,0.0,5,128,54.35
724,13145,United Kingdom,2011-10,518.57,0.0,59.76,3,129,54.57
1694,14140,United Kingdom,2011-03,517.67,0.0,17.01,5,130,54.8
1155,13587,United Kingdom,2010-12,513.38,0.0,65.98,3,131,55.02
445,12857,United Kingdom,2010-08,513.25,90.16,0.0,4,132,55.24
1933,14389,United Kingdom,2010-10,512.09,94.85,0.0,1,133,55.46
943,13369,United Kingdom,2011-05,512.02,0.0,32.48,3,134,55.68
1115,13545,United Kingdom,2011-08,509.15,0.0,0.0,3,135,55.91
1211,13645,France,2010-10,508.09,855.28,0.0,5,136,56.13
421,12833,United Kingdom,2011-04,507.76,0.0,102.05,5,137,56.35
447,12859,United Kingdom,2011-03,493.99,0.0,52.72,3,138,56.56
413,12825,United Kingdom,2010-06,490.19,961.65,77.31,6,139,56.77
771,13193,United Kingdom,2010-10,490.02,259.59,123.84,3,140,56.98
422,12834,Germany,2010-05,489.46,623.77,0.0,3,141,57.2
2171,14635,France,2011-03,488.58,0.0,0.0,3,142,57.41
1070,13498,United Kingdom,2010-08,488.44,617.19,0.0,2,143,57.62
1536,13980,United Kingdom,2010-07,483.34,316.53,87.67,4,144,57.83
2140,14603,United Kingdom,2010-11,483.22,199.03,33.04,2,145,58.04
45,12447,United Kingdom,2010-11,482.79,29.65,0.0,3,146,58.25
1438,13878,United Kingdom,2010-09,482.26,459.64,0.0,2,147,58.46
1872,14326,United Kingdom,2010-02,482.11,321.69,0.0,2,148,58.67
1250,13685,United Kingdom,2010-01,482.1,273.21,58.48,4,149,58.88
184,12587,United Kingdom,2010-06,481.03,107.44,32.12,3,150,59.09
2279,14744,United Kingdom,2010-02,480.07,270.14,0.0,4,151,59.29
2211,14675,United Kingdom,2011-10,475.63,0.0,0.0,2,152,59.5
162,12565,United Kingdom,2011-11,474.23,0.0,0.0,2,153,59.71
2309,14776,United Kingdom,2011-11,471.48,0.0,0.0,2,154,59.91
844,13267,Belgium,2011-11,464.98,0.0,0.0,3,155,60.11
663,13083,United Kingdom,2010-07,458.93,126.84,0.0,3,156,60.31
490,12904,Norway,2011-11,456.05,0.0,0.0,2,157,60.51
2209,14673,United Kingdom,2011-01,453.54,0.0,0.0,3,158,60.7
187,12590,United Kingdom,2010-10,453.44,37.73,3.69,2,159,60.9
1721,14168,United Kingdom,2010-06,451.32,781.46,28.8,4,160,61.1
860,13285,United Kingdom,2010-04,445.42,483.82,0.0,2,161,61.29
1153,13585,United Kingdom,2010-10,445.0,373.2,96.29,3,162,61.48
438,12850,United Kingdom,2011-10,444.63,0.0,58.2,4,163,61.68
1273,13708,Spain,2010-07,442.6,353.37,0.0,2,164,61.87
1119,13549,United Kingdom,2011-11,439.43,0.0,0.0,2,165,62.06
2031,14490,United Kingdom,2010-10,433.67,391.77,0.0,2,166,62.25
1016,13442,United Kingdom,2009-12,432.95,32.76,0.0,1,167,62.43
1129,13559,United Kingdom,2011-06,431.77,0.0,0.0,3,168,62.62
1959,14416,United Kingdom,2010-09,431.43,0.0,33.6,3,169,62.81
2120,14583,United Kingdom,2010-11,430.23,100.58,0.0,3,170,63.0
1715,14161,Belgium,2011-10,428.2,0.0,57.4,3,171,63.18
1117,13547,United Kingdom,2011-11,424.01,0.0,0.0,1,172,63.37
991,13417,United Kingdom,2011-09,423.5,0.0,41.31,2,173,63.55
399,12810,United Kingdom,2011-04,423.22,0.0,0.0,2,174,63.73
782,13205,United Kingdom,2010-06,418.43,188.26,14.76,4,175,63.91
153,12556,United Kingdom,2011-10,417.7,0.0,109.4,3,176,64.09
2070,14530,United Kingdom,2010-10,417.38,163.73,19.58,5,177,64.28
1873,14327,United Kingdom,2010-10,413.49,525.89,81.28,4,178,64.46
2267,14732,United Kingdom,2011-11,411.98,0.0,0.0,2,179,64.63
387,12798,United Kingdom,2011-04,411.73,0.0,0.0,3,180,64.81
1340,13778,United Kingdom,2011-04,411.59,0.0,36.24,3,181,64.99
643,13062,Australia,2011-10,411.07,0.0,50.6,3,182,65.17
2019,14478,United Kingdom,2010-11,410.02,595.71,0.0,2,183,65.35
1012,13438,United Kingdom,2010-10,408.0,145.49,61.05,4,184,65.52
179,12582,Netherlands,2011-03,407.38,0.0,54.54,4,185,65.7
1212,13647,United Kingdom,2010-01,406.9,313.33,62.4,3,186,65.88
1964,14421,United Kingdom,2011-08,405.96,0.0,0.0,1,187,66.05
461,12873,United Kingdom,2010-10,405.18,26.2,0.0,2,188,66.23
1044,13471,United Kingdom,2010-03,404.65,135.89,0.0,2,189,66.4
1041,13468,Netherlands,2010-11,402.31,22.63,47.04,4,190,66.58
606,13023,United Kingdom,2011-11,401.38,0.0,0.0,3,191,66.75
546,12961,United Kingdom,2010-12,401.23,0.0,105.54,3,192,66.93
704,13124,United Kingdom,2011-08,398.21,0.0,0.0,3,193,67.1
2306,14772,United Kingdom,2011-02,397.27,0.0,0.0,2,194,67.27
1753,14201,United Kingdom,2011-11,394.32,0.0,0.0,2,195,67.44
1125,13555,United Kingdom,2010-09,393.81,67.52,50.05,1,196,67.61
1960,14417,France,2011-11,390.24,0.0,39.55,4,197,67.78
1703,14149,Spain,2011-05,389.51,0.0,0.0,2,198,67.95
477,12890,United Kingdom,2011-10,389.05,0.0,19.72,3,199,68.12
1866,14320,France,2011-09,387.4,0.0,0.0,2,200,68.29
175,12578,United Kingdom,2011-09,386.59,0.0,0.0,1,201,68.46
1253,13688,United Kingdom,2011-10,384.49,0.0,0.0,4,202,68.62
1434,13874,United Kingdom,2010-04,382.51,624.65,69.39,2,203,68.79
382,12793,United Kingdom,2010-11,381.27,126.2,11.12,4,204,68.95
2082,14543,United Kingdom,2011-02,378.0,0.0,0.0,2,205,69.12
1864,14318,United Kingdom,2011-11,377.97,0.0,0.0,4,206,69.28
1476,13916,United Kingdom,2011-11,375.72,0.0,0.0,1,207,69.44
1746,14194,United Kingdom,2010-10,374.91,0.0,35.92,2,208,69.61
718,13139,United Kingdom,2011-06,374.89,0.0,0.0,1,209,69.77
1481,13922,United Kingdom,2011-10,374.15,0.0,23.15,3,210,69.93
901,13327,United Kingdom,2010-06,374.06,210.27,24.0,3,211,70.09
1697,14143,United Kingdom,2011-10,374.06,0.0,61.18,3,212,70.26
265,12670,United Kingdom,2011-01,373.36,0.0,0.0,1,213,70.42
1897,14351,United Kingdom,2010-11,373.25,569.68,0.0,2,214,70.58
703,13123,United Kingdom,2010-09,369.55,171.28,0.0,2,215,70.74
409,12820,United Kingdom,2010-11,369.41,377.5,0.0,3,216,70.9
1716,14162,United Kingdom,2011-08,368.63,0.0,11.7,1,217,71.06
1343,13781,United Kingdom,2011-06,367.71,0.0,94.48,3,218,71.22
1674,14119,United Kingdom,2010-07,367.21,178.15,0.0,2,219,71.38
392,12803,Germany,2010-07,366.4,219.81,34.56,2,220,71.54
1622,14067,United Kingdom,2011-03,359.59,0.0,104.96,3,221,71.69
148,12551,France,2011-06,359.54,0.0,0.0,2,222,71.85
1594,14038,United Kingdom,2011-07,359.48,0.0,0.0,2,223,72.01
1615,14060,United Kingdom,2011-02,359.19,0.0,0.0,2,224,72.16
955,13381,United Kingdom,2010-08,358.31,772.27,53.37,4,225,72.32
871,13296,EIRE,2011-05,358.22,0.0,11.1,2,226,72.47
2131,14594,United Kingdom,2011-10,351.05,0.0,0.0,1,227,72.62
1838,14292,France,2011-09,350.96,0.0,0.0,2,228,72.78
28,12429,United Kingdom,2011-10,344.69,0.0,0.0,4,229,72.93
2177,14641,United Kingdom,2011-10,340.89,0.0,0.0,2,230,73.07
1302,13737,United Kingdom,2011-07,340.65,0.0,4.6,2,231,73.22
763,13185,United Kingdom,2011-04,340.28,0.0,0.0,2,232,73.37
1298,13733,United Kingdom,2011-09,339.72,0.0,0.0,2,233,73.52
2218,14682,United Kingdom,2010-05,338.58,0.0,0.0,2,234,73.66
1096,13524,United Kingdom,2010-10,337.42,0.0,0.0,3,235,73.81
1444,13884,United Kingdom,2011-10,332.73,0.0,0.0,3,236,73.95
1035,13461,United Kingdom,2011-09,331.08,0.0,0.0,3,237,74.1
2261,14726,United Kingdom,2010-05,329.56,315.49,10.7,2,238,74.24
261,12666,United Kingdom,2010-05,327.65,0.0,29.19,2,239,74.38
318,12724,Germany,2011-10,326.77,0.0,0.0,1,240,74.52
1337,13773,United Kingdom,2010-05,326.51,181.23,124.55,3,241,74.67
580,12996,United Kingdom,2011-06,326.13,0.0,126.32,3,242,74.81
2003,14461,United Kingdom,2010-10,325.93,0.0,0.0,2,243,74.95
2144,14607,United Kingdom,2010-02,323.87,703.05,76.53,3,244,75.09
1823,14276,United Kingdom,2011-02,318.18,0.0,0.0,2,245,75.23
1501,13943,Germany,2010-07,317.48,343.04,0.0,3,246,75.36
2207,14671,Switzerland,2011-06,314.73,0.0,0.0,2,247,75.5
233,12638,United Kingdom,2010-08,313.69,114.12,0.0,2,248,75.64
738,13160,United Kingdom,2011-09,309.88,0.0,32.94,4,249,75.77
1455,13895,United Kingdom,2011-08,309.54,0.0,0.0,3,250,75.91
1023,13449,United Kingdom,2011-11,308.49,0.0,0.0,1,251,76.04
2221,14685,United Kingdom,2010-10,308.38,487.61,99.63,3,252,76.17
1097,13526,Australia,2010-06,308.32,42.63,0.0,2,253,76.31
713,13134,United Kingdom,2010-05,308.17,1324.91,78.63,2,254,76.44
125,12527,United Kingdom,2011-09,305.32,0.0,0.0,1,255,76.57
1132,13562,United Kingdom,2011-09,304.73,0.0,0.0,1,256,76.71
1496,13937,United Kingdom,2011-10,304.52,0.0,0.0,2,257,76.84
43,12444,United Kingdom,2011-09,303.67,0.0,0.0,1,258,76.97
1020,13446,United Kingdom,2010-05,300.69,684.98,0.0,3,259,77.1
634,13053,Switzerland,2011-01,300.54,0.0,0.0,2,260,77.23
339,12746,United Kingdom,2011-07,300.51,0.0,0.0,1,261,77.36
1880,14334,France,2011-10,300.24,0.0,270.59,3,262,77.49
807,13230,United Kingdom,2011-11,299.18,0.0,81.38,4,263,77.62
1918,14374,United Kingdom,2011-05,297.91,0.0,28.89,1,264,77.75
27,12428,United Kingdom,2010-04,294.69,976.35,0.0,3,265,77.88
785,13208,United Kingdom,2011-09,294.51,0.0,0.0,1,266,78.0
2168,14632,United Kingdom,2010-11,293.83,327.55,0.0,3,267,78.13
262,12667,Norway,2011-11,293.39,0.0,0.0,2,268,78.26
603,13020,United Kingdom,2009-12,291.26,1080.34,45.2,2,269,78.39
363,12772,EIRE,2011-07,289.28,0.0,42.49,3,270,78.51
1191,13624,United Kingdom,2010-05,288.6,517.85,0.0,1,271,78.64
1952,14409,United Kingdom,2010-05,288.59,431.2,164.19,1,272,78.76
1822,14273,United Kingdom,2011-10,288.46,0.0,0.0,3,273,78.89
820,13243,United Kingdom,2011-07,288.27,0.0,0.0,3,274,79.01
2253,14717,United Kingdom,2011-11,287.82,0.0,29.4,1,275,79.14
846,13269,United Kingdom,2010-11,286.96,559.87,0.0,1,276,79.26
2316,14783,United Kingdom,2011-04,286.94,0.0,21.04,2,277,79.39
2102,14564,United Kingdom,2010-11,286.52,157.6,70.9,2,278,79.51
1051,13478,United Kingdom,2011-03,286.46,0.0,48.94,3,279,79.63
1122,13552,United Kingdom,2010-12,285.01,0.0,0.0,1,280,79.76
2038,14497,United Kingdom,2011-04,284.51,0.0,0.0,1,281,79.88
822,13245,United Kingdom,2011-09,284.08,0.0,50.76,4,282,80.0
1762,14210,United Kingdom,2011-10,284.03,0.0,9.78,2,283,80.13
1161,13593,United Kingdom,2010-06,283.26,938.77,0.0,1,284,80.25
1996,14454,United Kingdom,2010-11,279.93,48.0,34.32,2,285,80.37
1318,13754,United Kingdom,2010-02,279.29,211.31,0.0,2,286,80.49
2088,14549,Belgium,2011-01,278.54,0.0,0.0,2,287,80.61
2146,14609,United Kingdom,2011-11,278.52,0.0,0.0,3,288,80.73
1597,14041,United Kingdom,2011-03,278.51,0.0,0.0,1,289,80.85
1178,13611,United Kingdom,2011-02,276.36,0.0,0.0,2,290,80.97
1448,13888,United Kingdom,2011-05,275.46,0.0,0.0,1,291,81.09
66,12468,United Kingdom,2011-06,275.41,0.0,60.88,3,292,81.21
2011,14470,United Kingdom,2011-11,270.22,0.0,38.15,3,293,81.33
9,12408,United Kingdom,2011-02,270.08,0.0,0.0,2,294,81.45
1608,14052,United Kingdom,2011-05,269.83,0.0,38.08,3,295,81.56
289,12695,United Kingdom,2010-06,269.28,0.0,0.0,1,296,81.68
1665,14110,United Kingdom,2010-04,268.49,44.4,0.0,1,297,81.8
152,12555,United Kingdom,2010-02,268.42,139.07,112.52,5,298,81.91
1131,13561,United Kingdom,2011-01,267.98,0.0,23.12,1,299,82.03
1971,14428,United Kingdom,2010-09,266.83,0.0,0.0,3,300,82.15
1502,13944,United Kingdom,2011-09,266.47,0.0,0.0,1,301,82.26
1182,13615,United Kingdom,2010-10,266.32,0.0,0.0,2,302,82.38
282,12688,United Kingdom,2011-10,265.79,0.0,0.0,2,303,82.49
1624,14069,France,2011-09,264.75,0.0,0.0,2,304,82.61
1372,13811,United Kingdom,2010-08,264.36,396.63,0.0,2,305,82.72
2323,14790,United Kingdom,2011-11,263.87,0.0,0.0,1,306,82.84
211,12614,United Kingdom,2011-11,263.16,0.0,0.0,1,307,82.95
681,13101,United Kingdom,2010-04,262.79,489.11,0.0,3,308,83.06
46,12448,United Kingdom,2011-04,262.53,0.0,50.81,2,309,83.18
1279,13714,United Kingdom,2011-02,262.28,0.0,0.0,1,310,83.29
485,12899,United Kingdom,2011-09,261.28,0.0,0.0,1,311,83.41
1047,13474,United Kingdom,2010-09,261.13,157.77,0.0,2,312,83.52
375,12785,United Kingdom,2011-10,260.62,0.0,0.0,1,313,83.63
1794,14242,United Kingdom,2010-11,260.46,312.14,16.45,2,314,83.74
2311,14778,United Kingdom,2010-09,259.61,0.0,0.0,2,315,83.86
1515,13958,United Kingdom,2010-09,259.12,821.18,0.0,2,316,83.97
1109,13539,Germany,2011-11,257.06,0.0,0.0,3,317,84.08
80,12482,United Kingdom,2011-10,256.39,0.0,0.0,2,318,84.19
1427,13867,United Kingdom,2011-04,254.72,0.0,0.0,2,319,84.3
1786,14234,United Kingdom,2010-11,254.46,181.1,0.0,2,320,84.41
715,13136,United Kingdom,2011-11,252.2,0.0,0.0,1,321,84.52
227,12630,United Kingdom,2011-05,249.46,0.0,0.0,3,322,84.63
615,13034,United Kingdom,2011-02,249.38,0.0,27.88,3,323,84.74
297,12703,United Kingdom,2011-01,247.9,0.0,0.0,2,324,84.85
1245,13680,United Kingdom,2010-10,247.74,546.94,22.47,2,325,84.95
1440,13880,United Kingdom,2010-04,243.35,481.95,0.0,3,326,85.06
2265,14730,United Kingdom,2011-05,240.32,0.0,13.23,2,327,85.16
1506,13948,United Kingdom,2011-01,239.98,0.0,0.0,2,328,85.27
560,12976,United Kingdom,2011-09,239.53,0.0,0.0,1,329,85.37
1825,14278,United Kingdom,2009-12,239.43,99.57,0.0,3,330,85.48
838,13261,United Kingdom,2011-10,238.78,0.0,0.0,1,331,85.58
915,13341,EIRE,2010-12,238.63,0.0,0.0,4,332,85.68
2188,14652,United Kingdom,2011-01,237.85,0.0,0.0,2,333,85.79
38,12439,United Kingdom,2011-11,237.63,0.0,0.0,1,334,85.89
206,12609,United Kingdom,2010-04,235.98,166.89,0.0,2,335,85.99
84,12486,United Kingdom,2010-04,235.85,494.62,0.0,2,336,86.09
1626,14071,Germany,2011-01,234.78,0.0,0.0,1,337,86.19
1371,13810,United Kingdom,2010-07,234.28,-62.72,39.51,1,338,86.3
1293,13728,United Kingdom,2011-09,233.67,0.0,28.21,2,339,86.4
466,12878,Germany,2011-09,232.06,0.0,0.0,1,340,86.5
105,12507,United Kingdom,2011-09,232.0,0.0,0.0,1,341,86.6
662,13081,United Kingdom,2011-11,230.5,0.0,0.0,1,342,86.7
734,13155,United Kingdom,2010-07,229.56,236.2,0.0,2,343,86.8
208,12611,United Kingdom,2011-10,229.55,0.0,82.85,3,344,86.9
1991,14449,United Kingdom,2011-08,228.64,0.0,0.0,1,345,87.0
144,12546,United Kingdom,2011-11,228.17,0.0,0.0,1,346,87.1
1751,14199,United Kingdom,2011-11,227.54,0.0,0.0,1,347,87.19
305,12711,United Kingdom,2010-04,227.19,455.98,0.0,2,348,87.29
536,12951,United Kingdom,2010-10,226.63,342.03,117.4,4,349,87.39
610,13028,United Kingdom,2011-05,225.99,0.0,111.14,3,350,87.49
2068,14528,United Kingdom,2011-10,224.46,0.0,31.57,2,351,87.59
1764,14212,United Kingdom,2011-06,223.56,0.0,0.0,4,352,87.68
26,12427,United Kingdom,2011-09,222.57,0.0,0.0,3,353,87.78
2087,14548,United Kingdom,2011-09,222.46,0.0,46.86,3,354,87.88
530,12945,United Kingdom,2010-11,221.53,68.37,0.0,1,355,87.97
677,13097,United Kingdom,2011-06,221.2,0.0,87.39,4,356,88.07
2237,14701,United Kingdom,2011-11,220.47,0.0,0.0,1,357,88.16
1911,14366,United Kingdom,2011-11,220.16,0.0,0.0,1,358,88.26
742,13164,United Kingdom,2011-06,219.32,0.0,0.0,2,359,88.36
384,12795,United Kingdom,2011-04,218.44,0.0,77.8,3,360,88.45
2050,14510,United Kingdom,2011-11,218.12,0.0,0.0,2,361,88.54
1259,13694,United Kingdom,2010-02,217.92,186.32,44.52,1,362,88.64
910,13336,United Kingdom,2011-11,217.9,0.0,0.0,2,363,88.73
367,12777,United Kingdom,2011-09,216.86,0.0,0.0,3,364,88.83
2035,14494,United Kingdom,2011-06,212.89,0.0,49.3,2,365,88.92
1659,14104,United Kingdom,2011-10,211.9,0.0,0.0,2,366,89.01
1067,13495,United Kingdom,2010-05,210.48,340.82,24.04,2,367,89.1
218,12621,Netherlands,2011-10,206.35,0.0,33.76,2,368,89.19
1181,13614,United Kingdom,2011-08,204.49,0.0,44.38,3,369,89.28
864,13289,United Kingdom,2011-11,204.07,0.0,0.0,1,370,89.37
642,13061,United Kingdom,2011-05,203.15,0.0,0.0,1,371,89.46
1987,14445,United Kingdom,2010-04,202.89,529.24,0.0,1,372,89.55
526,12941,United Kingdom,2011-02,201.69,0.0,5.5,1,373,89.63
1002,13428,United Kingdom,2010-06,201.65,245.02,0.0,2,374,89.72
1650,14095,United Kingdom,2010-12,201.6,0.0,162.26,2,375,89.81
407,12818,United Kingdom,2011-11,200.15,0.0,0.0,1,376,89.89
2026,14485,United Kingdom,2011-11,199.94,0.0,0.0,1,377,89.98
1778,14226,United Kingdom,2010-09,199.39,0.0,10.2,1,378,90.07
1662,14107,United Kingdom,2010-04,197.96,507.73,24.22,1,379,90.15
1232,13667,United Kingdom,2010-11,196.67,222.5,0.0,1,380,90.24
1011,13437,United Kingdom,2010-10,196.5,616.73,35.04,2,381,90.32
159,12562,Belgium,2011-06,196.44,0.0,28.62,2,382,90.41
1725,14172,United Kingdom,2010-11,195.89,67.08,23.28,2,383,90.49
2167,14631,United Kingdom,2010-11,195.87,239.25,25.48,3,384,90.58
1409,13848,United Kingdom,2010-11,195.82,143.94,0.0,1,385,90.66
1699,14145,United Kingdom,2011-10,195.58,0.0,115.18,2,386,90.75
59,12461,United Kingdom,2011-08,195.48,0.0,0.0,3,387,90.83
96,12498,United Kingdom,2011-07,194.01,0.0,28.87,2,388,90.92
1675,14120,EIRE,2011-05,190.03,0.0,0.0,1,389,91.0
1416,13856,United Kingdom,2011-11,189.56,0.0,0.0,1,390,91.08
2281,14746,United Kingdom,2011-11,188.84,0.0,0.0,1,391,91.16
1076,13504,United Kingdom,2011-11,187.41,0.0,0.0,1,392,91.25
76,12478,United Kingdom,2011-04,187.34,0.0,0.0,1,393,91.33
150,12553,United Kingdom,2011-02,187.08,0.0,38.85,2,394,91.41
613,13032,United Kingdom,2011-11,186.64,0.0,0.0,1,395,91.49
1966,14423,United Kingdom,2010-07,186.03,1505.15,9.42,2,396,91.57
499,12913,United Kingdom,2010-05,185.79,55.02,0.0,2,397,91.65
567,12983,United Kingdom,2011-11,185.41,0.0,0.0,1,398,91.73
1485,13926,France,2011-08,185.24,0.0,61.92,2,399,91.81
568,12984,United Kingdom,2011-11,182.99,0.0,0.0,2,400,91.89
1741,14189,United Kingdom,2011-06,181.62,0.0,0.0,2,401,91.97
2315,14782,France,2011-11,181.13,0.0,0.0,1,402,92.05
23,12424,United Kingdom,2011-11,180.9,0.0,0.0,1,403,92.13
828,13251,Germany,2010-05,180.01,0.0,0.0,1,404,92.2
278,12684,United Kingdom,2011-10,179.98,0.0,0.0,2,405,92.28
2331,14799,United Kingdom,2011-11,179.29,0.0,0.0,1,406,92.36
394,12805,France,2011-10,178.75,0.0,0.0,1,407,92.44
2262,14727,United Kingdom,2010-12,177.79,0.0,10.57,1,408,92.51
1170,13603,United Kingdom,2011-05,175.06,0.0,19.76,1,409,92.59
1252,13687,Spain,2011-04,174.99,0.0,32.13,2,410,92.67
2290,14756,United Kingdom,2011-11,174.2,0.0,0.0,1,411,92.74
549,12965,United Kingdom,2011-04,173.38,0.0,0.0,2,412,92.82
756,13178,United Kingdom,2011-01,171.94,0.0,0.0,2,413,92.89
1598,14042,United Kingdom,2011-08,171.6,0.0,0.0,2,414,92.97
1748,14196,United Kingdom,2011-10,171.3,0.0,0.0,1,415,93.04
2034,14493,United Kingdom,2011-09,171.25,0.0,0.0,4,416,93.11
2274,14739,United Kingdom,2011-11,170.73,0.0,0.0,1,417,93.19
648,13067,Belgium,2011-09,170.61,0.0,0.0,1,418,93.26
2155,14618,France,2010-12,170.35,0.0,0.0,2,419,93.34
281,12687,United Kingdom,2011-11,168.88,0.0,0.0,1,420,93.41
728,13149,United Kingdom,2010-10,167.73,0.0,0.0,1,421,93.48
290,12696,United Kingdom,2011-09,166.73,0.0,0.0,2,422,93.55
1015,13441,United Kingdom,2011-10,165.12,0.0,30.4,2,423,93.63
1628,14073,United Kingdom,2011-11,165.08,0.0,0.0,1,424,93.7
57,12459,United Kingdom,2011-11,163.35,0.0,0.0,3,425,93.77
1423,13863,United Kingdom,2011-06,161.44,0.0,32.0,3,426,93.84
1731,14178,United Kingdom,2010-12,161.04,0.0,0.0,2,427,93.91
688,13108,United Kingdom,2010-04,159.82,718.93,47.5,2,428,93.98
453,12865,United Kingdom,2011-02,158.91,0.0,0.0,1,429,94.05
1201,13634,United Kingdom,2011-11,158.68,0.0,0.0,1,430,94.12
1221,13656,United Kingdom,2011-03,156.31,0.0,0.0,1,431,94.18
833,13256,United Kingdom,2010-08,155.58,955.62,17.8,1,432,94.25
1323,13759,Germany,2011-11,155.11,0.0,0.0,1,433,94.32
678,13098,United Kingdom,2011-07,155.04,0.0,52.0,1,434,94.39
883,13309,United Kingdom,2011-10,154.8,0.0,0.0,1,435,94.45
1291,13726,United Kingdom,2010-03,153.81,0.0,24.97,2,436,94.52
1328,13764,United Kingdom,2010-02,153.68,150.08,0.0,1,437,94.59
1009,13435,United Kingdom,2011-11,153.11,0.0,0.0,1,438,94.65
151,12554,United Kingdom,2011-11,152.14,0.0,0.0,2,439,94.72
1006,13432,United Kingdom,2010-08,151.21,51.27,0.0,3,440,94.78
1414,13854,United Kingdom,2011-04,150.72,0.0,0.0,1,441,94.85
1449,13889,United Kingdom,2010-12,148.15,0.0,0.0,1,442,94.91
1693,14139,United Kingdom,2011-08,147.91,0.0,21.12,1,443,94.98
1087,13515,United Kingdom,2010-10,147.08,0.0,0.0,1,444,95.04
1397,13836,Switzerland,2011-07,146.47,0.0,0.0,1,445,95.11
1478,13918,United Kingdom,2011-01,145.72,0.0,38.13,1,446,95.17
586,13002,United Kingdom,2011-02,142.04,0.0,0.0,1,447,95.23
390,12801,United Kingdom,2010-04,141.72,108.88,15.65,1,448,95.29
2154,14617,United Kingdom,2011-10,141.57,0.0,0.0,1,449,95.35
1620,14065,United Kingdom,2011-11,140.86,0.0,0.0,1,450,95.41
2130,14593,United Kingdom,2010-03,139.98,321.86,0.0,1,451,95.47
1185,13618,United Kingdom,2010-03,139.9,373.84,0.0,1,452,95.54
332,12739,United Kingdom,2011-09,138.68,0.0,55.55,2,453,95.6
1228,13663,United Kingdom,2011-07,137.57,0.0,16.0,1,454,95.66
172,12575,United Kingdom,2011-02,137.02,0.0,22.96,1,455,95.71
39,12440,United Kingdom,2010-05,136.98,0.0,0.0,2,456,95.77
1571,14015,Spain,2010-04,136.34,215.67,0.0,2,457,95.83
435,12847,United Kingdom,2011-10,136.12,0.0,69.58,1,458,95.89
1314,13750,United Kingdom,2011-05,133.16,0.0,0.0,1,459,95.95
98,12500,United Kingdom,2011-09,131.53,0.0,0.0,1,460,96.01
1089,13517,United Kingdom,2010-08,131.15,450.69,0.0,1,461,96.06
1968,14425,United Kingdom,2011-07,129.0,0.0,55.66,1,462,96.12
665,13085,United Kingdom,2010-06,128.06,0.0,117.6,2,463,96.18
538,12953,United Kingdom,2011-11,126.91,0.0,0.0,1,464,96.23
1139,13571,United Kingdom,2011-08,126.77,0.0,0.0,2,465,96.29
2263,14728,Belgium,2011-07,126.02,0.0,43.6,1,466,96.34
948,13374,United Kingdom,2011-08,124.62,0.0,0.0,2,467,96.39
1052,13480,United Kingdom,2010-05,124.25,1217.66,0.0,1,468,96.45
563,12979,United Kingdom,2011-11,123.49,0.0,0.0,1,469,96.5
767,13189,United Kingdom,2011-11,123.24,0.0,0.0,1,470,96.55
2190,14654,United Kingdom,2011-09,121.31,0.0,0.0,1,471,96.61
142,12544,United Kingdom,2011-10,120.65,0.0,0.0,2,472,96.66
1492,13933,United Kingdom,2010-05,117.02,0.0,0.0,1,473,96.71
1168,13601,United Kingdom,2010-09,117.01,0.0,0.0,1,474,96.76
232,12637,United Kingdom,2011-11,115.3,0.0,0.0,1,475,96.81
649,13068,United Kingdom,2011-04,114.95,0.0,0.0,3,476,96.86
2255,14720,United Kingdom,2011-07,111.86,0.0,0.0,1,477,96.91
275,12681,United Kingdom,2011-11,111.76,0.0,0.0,1,478,96.96
582,12998,United Kingdom,2011-04,110.41,0.0,30.48,1,479,97.01
2103,14565,United Kingdom,2011-07,109.28,0.0,24.68,1,480,97.05
1179,13612,United Kingdom,2011-10,109.04,0.0,0.0,1,481,97.1
13,12413,United Kingdom,2010-01,108.52,0.0,0.0,1,482,97.15
292,12698,United Kingdom,2010-06,108.43,0.0,0.0,1,483,97.19
1700,14146,United Kingdom,2011-06,107.62,0.0,0.0,1,484,97.24
1339,13775,United Kingdom,2010-03,107.39,107.46,0.0,1,485,97.29
824,13247,United Kingdom,2010-12,107.25,0.0,0.0,1,486,97.33
2275,14740,United Kingdom,2011-04,107.23,0.0,71.96,1,487,97.38
556,12972,United Kingdom,2011-11,106.24,0.0,0.0,1,488,97.43
374,12784,United Kingdom,2011-06,105.3,0.0,0.0,2,489,97.47
964,13390,United Kingdom,2011-10,104.51,0.0,0.0,1,490,97.52
517,12931,United Kingdom,2010-11,104.28,111.44,0.0,1,491,97.56
1973,14431,United Kingdom,2010-11,103.12,192.9,0.0,1,492,97.61
1544,13988,United Kingdom,2011-11,102.88,0.0,0.0,1,493,97.65
259,12664,Germany,2010-03,102.81,0.0,0.0,1,494,97.7
2005,14463,United Kingdom,2011-11,101.69,0.0,0.0,1,495,97.74
843,13266,United Kingdom,2010-09,100.37,335.21,0.0,1,496,97.78
1803,14252,United Kingdom,2010-09,100.12,289.83,0.0,1,497,97.83
1637,14082,United Kingdom,2011-10,99.92,0.0,0.0,2,498,97.87
697,13117,France,2011-11,98.94,0.0,0.0,1,499,97.91
1498,13940,France,2011-09,98.01,0.0,0.0,1,500,97.96
1726,14173,United Kingdom,2011-05,96.48,0.0,0.0,1,501,98.0
714,13135,Spain,2011-09,95.72,0.0,0.0,1,502,98.04
924,13350,Norway,2011-09,95.27,0.0,0.0,1,503,98.08
933,13359,United Kingdom,2010-07,94.39,0.0,0.0,1,504,98.12
1736,14183,United Kingdom,2011-08,92.18,0.0,0.0,1,505,98.16
795,13218,United Kingdom,2010-05,91.06,-154.0,9.56,1,506,98.2
623,13042,United Kingdom,2011-10,90.67,0.0,0.0,2,507,98.24
366,12776,United Kingdom,2011-10,89.94,0.0,0.0,1,508,98.28
463,12875,United Kingdom,2011-08,89.58,0.0,0.0,2,509,98.32
301,12707,United Kingdom,2011-11,88.8,0.0,0.0,1,510,98.36
1833,14286,United Kingdom,2011-06,87.44,0.0,46.4,2,511,98.4
566,12982,United Kingdom,2011-08,87.08,0.0,0.0,3,512,98.43
1870,14324,Germany,2010-11,86.58,32.63,0.0,1,513,98.47
1114,13544,Belgium,2011-10,86.45,0.0,0.0,1,514,98.51
1886,14340,United Kingdom,2010-08,86.3,203.79,35.04,1,515,98.55
1242,13677,United Kingdom,2010-03,85.86,0.0,0.0,1,516,98.58
1704,14150,Germany,2011-10,85.4,0.0,0.0,1,517,98.62
1661,14106,United Kingdom,2011-11,85.19,0.0,0.0,2,518,98.66
2119,14582,United Kingdom,2010-07,84.18,147.28,0.0,2,519,98.69
2110,14573,United Kingdom,2011-01,82.78,0.0,58.64,1,520,98.73
248,12653,United Kingdom,2011-10,82.35,0.0,0.0,1,521,98.76
201,12604,United Kingdom,2011-11,81.63,0.0,0.0,1,522,98.8
224,12627,Switzerland,2011-10,81.58,0.0,0.0,1,523,98.84
50,12452,United Kingdom,2011-08,81.24,0.0,0.0,1,524,98.87
658,13077,United Kingdom,2010-08,81.12,0.0,0.0,1,525,98.91
1550,13994,United Kingdom,2011-11,79.2,0.0,67.56,2,526,98.94
2314,14781,United Kingdom,2011-10,78.43,0.0,67.44,1,527,98.97
2136,14599,United Kingdom,2011-08,77.77,0.0,71.61,1,528,99.01
2117,14580,Netherlands,2010-08,77.69,135.03,20.2,1,529,99.04
1855,14309,United Kingdom,2010-03,75.67,19.68,0.0,1,530,99.07
1186,13619,France,2011-11,74.38,0.0,0.0,1,531,99.11
2142,14605,Portugal,2010-06,71.68,202.24,0.0,1,532,99.14
174,12577,United Kingdom,2010-02,71.6,523.87,0.0,2,533,99.17
1641,14086,United Kingdom,2011-09,71.52,0.0,0.0,1,534,99.2
73,12475,Spain,2011-07,71.05,0.0,0.0,1,535,99.23
2053,14513,United Kingdom,2010-11,69.77,365.22,0.0,1,536,99.26
89,12491,Spain,2011-11,69.62,0.0,0.0,1,537,99.29
1737,14184,United Kingdom,2010-04,69.1,138.73,0.0,1,538,99.32
210,12613,Germany,2011-11,68.48,0.0,0.0,1,539,99.35
1424,13864,Netherlands,2011-06,67.16,0.0,10.8,1,540,99.38
908,13334,United Kingdom,2011-04,66.89,0.0,0.0,1,541,99.41
1688,14134,United Kingdom,2010-08,66.69,0.0,0.0,1,542,99.44
271,12677,United Kingdom,2011-08,66.55,0.0,64.87,2,543,99.47
1575,14019,United Kingdom,2011-09,66.52,0.0,0.0,2,544,99.5
746,13168,Switzerland,2011-08,66.47,0.0,0.0,1,545,99.52
2186,14650,United Kingdom,2010-12,66.11,0.0,33.72,2,546,99.55
1269,13704,United Kingdom,2010-07,65.8,0.0,0.0,1,547,99.58
1852,14306,United Kingdom,2010-06,65.46,0.0,0.0,1,548,99.61
252,12657,United Kingdom,2011-07,64.46,0.0,0.0,1,549,99.64
1341,13779,United Kingdom,2010-07,64.29,334.78,0.0,1,550,99.67
1977,14435,United Kingdom,2011-11,62.79,0.0,0.0,2,551,99.69
1963,14420,United Kingdom,2010-10,62.65,0.0,0.0,2,552,99.72
1783,14231,United Kingdom,2011-11,61.32,0.0,0.0,2,553,99.75
774,13196,United Kingdom,2010-10,60.48,156.34,0.0,1,554,99.77
2259,14724,United Kingdom,2011-08,58.85,0.0,16.52,1,555,99.8
1757,14205,United Kingdom,2011-06,57.12,0.0,0.0,1,556,99.82
2250,14714,United Kingdom,2010-10,56.98,0.0,0.0,1,557,99.85
1915,14371,United Kingdom,2010-12,56.75,0.0,0.0,1,558,99.87
1582,14026,United Kingdom,2010-08,55.91,0.0,0.0,1,559,99.9
1088,13516,United Kingdom,2011-05,55.37,0.0,0.0,1,560,99.92
1792,14240,United Kingdom,2011-07,55.12,0.0,0.0,1,561,99.95
448,12860,United Kingdom,2011-03,53.76,0.0,0.0,1,562,99.97
2157,14620,Portugal,2011-07,53.42,0.0,0.0,1,563,99.99
1257,13692,Netherlands,2011-11,52.95,0.0,0.0,1,564,100.01
1913,14368,United Kingdom,2011-07,50.54,0.0,0.0,1,565,100.04
1389,13828,United Kingdom,2010-11,48.19,143.05,0.0,1,566,100.06
1055,13483,United Kingdom,2011-11,48.16,0.0,0.0,1,567,100.08
600,13017,United Kingdom,2011-11,48.15,0.0,0.0,1,568,100.1
1207,13640,United Kingdom,2011-06,47.58,0.0,71.46,2,569,100.12
1120,13550,United Kingdom,2011-08,43.56,0.0,0.0,1,570,100.14
997,13423,United Kingdom,2011-10,42.72,0.0,0.0,1,571,100.16
1813,14264,United Kingdom,2011-06,41.08,0.0,0.0,1,572,100.17
6,12405,United Kingdom,2011-10,40.85,0.0,0.0,1,573,100.19
747,13169,United Kingdom,2010-11,40.84,102.23,0.0,1,574,100.21
722,13143,United Kingdom,2010-02,40.47,0.0,0.0,1,575,100.23
1376,13815,United Kingdom,2011-11,40.46,0.0,0.0,1,576,100.25
1075,13503,United Kingdom,2010-04,40.32,0.0,0.0,1,577,100.26
1525,13968,Germany,2011-07,38.48,0.0,0.0,1,578,100.28
1534,13978,United Kingdom,2011-09,37.82,0.0,0.0,1,579,100.3
222,12625,United Kingdom,2010-04,37.17,0.0,0.0,1,580,100.31
1567,14011,EIRE,2011-05,36.35,0.0,0.0,1,581,100.33
1774,14222,United Kingdom,2010-09,36.16,250.01,0.0,1,582,100.34
1653,14098,United Kingdom,2010-02,35.62,0.0,97.16,2,583,100.36
1827,14280,United Kingdom,2010-11,32.8,519.65,0.0,1,584,100.37
2004,14462,United Kingdom,2010-12,32.8,0.0,0.0,1,585,100.39
2161,14624,United Kingdom,2011-03,32.2,0.0,0.0,1,586,100.4
1239,13674,United Kingdom,2011-08,30.93,0.0,50.76,2,587,100.41
766,13188,United Kingdom,2011-11,30.8,0.0,33.32,1,588,100.43
1118,13548,United Kingdom,2010-10,29.4,329.77,0.0,1,589,100.44
482,12895,United Kingdom,2010-10,28.32,363.0,26.32,1,590,100.45
369,12779,United Kingdom,2011-08,28.22,0.0,0.0,1,591,100.47
1871,14325,United Kingdom,2010-11,27.51,863.82,0.0,1,592,100.48
2270,14735,United Kingdom,2011-05,26.8,0.0,39.51,1,593,100.49
2115,14578,United Kingdom,2011-03,23.8,0.0,0.0,1,594,100.5
467,12879,United Kingdom,2011-10,21.96,0.0,0.0,1,595,100.51
1378,13817,United Kingdom,2011-04,21.28,0.0,0.0,1,596,100.52
391,12802,United Kingdom,2011-06,18.91,0.0,125.0,2,597,100.53
878,13304,United Kingdom,2011-06,16.21,0.0,132.79,2,598,100.53
114,12516,United Kingdom,2011-08,14.58,0.0,0.0,1,599,100.54
1678,14123,United Kingdom,2010-06,12.46,0.0,0.0,1,600,100.55
2077,14538,United Kingdom,2010-08,11.43,210.49,85.59,1,601,100.55
599,13016,United Kingdom,2011-03,8.72,0.0,0.0,1,602,100.55
1619,14064,United Kingdom,2011-11,7.26,0.0,12.1,1,603,100.56
434,12846,United Kingdom,2010-07,7.2,0.0,0.0,1,604,100.56
412,12823,United Kingdom,2011-10,0.0,0.0,30.47,1,605,100.56
446,12858,United Kingdom,2011-08,0.0,0.0,0.0,1,606,100.56
1549,13993,United Kingdom,2011-11,0.0,0.0,68.7,1,607,100.56
1387,13826,United Kingdom,2011-10,-6.84,0.0,6.84,0,608,100.56
345,12753,EIRE,2011-03,-13.25,0.0,49.41,1,609,100.55
2212,14676,United Kingdom,2011-04,-14.04,0.0,14.04,0,610,100.55
1092,13520,United Kingdom,2011-05,-14.63,0.0,14.63,0,611,100.54
1564,14008,United Kingdom,2011-09,-16.64,0.0,16.64,0,612,100.53
2240,14704,United Kingdom,2011-08,-17.71,0.0,17.71,0,613,100.52
1950,14407,United Kingdom,2010-08,-17.88,347.41,17.88,0,614,100.52
197,12600,United Kingdom,2010-05,-24.6,36.45,24.6,0,615,100.51
1267,13702,United Kingdom,2011-02,-25.47,0.0,66.0,1,616,100.49
190,12593,United Kingdom,2011-02,-25.76,0.0,25.76,0,617,100.48
1547,13991,Spain,2010-12,-28.56,0.0,28.56,0,618,100.47
1614,14058,United Kingdom,2011-06,-30.96,0.0,30.96,0,619,100.46
2312,14779,United Kingdom,2010-05,-31.45,91.68,31.45,0,620,100.44
619,13038,United Kingdom,2011-03,-31.92,0.0,31.92,0,621,100.43
1432,13872,Switzerland,2011-05,-35.2,0.0,35.2,0,622,100.41
1809,14260,United Kingdom,2010-03,-36.24,302.91,36.24,0,623,100.4
268,12673,United Kingdom,2011-08,-36.72,0.0,107.37,1,624,100.38
587,13003,United Kingdom,2011-08,-38.76,0.0,38.76,0,625,100.37
2321,14788,United Kingdom,2011-10,-39.7,0.0,39.7,0,626,100.35
558,12974,United Kingdom,2010-11,-41.63,582.62,41.63,0,627,100.33
189,12592,United Kingdom,2010-09,-42.56,126.86,42.56,0,628,100.31
1425,13865,United Kingdom,2011-08,-48.9,0.0,48.9,0,629,100.29
1400,13839,United Kingdom,2010-09,-50.04,78.15,50.04,0,630,100.27
223,12626,Belgium,2010-07,-51.6,633.27,51.6,0,631,100.25
611,13029,United Kingdom,2011-04,-52.43,0.0,194.88,1,632,100.22
506,12920,France,2011-07,-63.2,0.0,63.2,0,633,100.2
253,12658,United Kingdom,2011-10,-64.05,0.0,64.05,0,634,100.17
2273,14738,Germany,2011-01,-70.4,0.0,70.4,0,635,100.14
559,12975,United Kingdom,2010-10,-71.8,928.1,71.8,0,636,100.11
1920,14376,United Kingdom,2010-10,-75.28,276.87,75.28,0,637,100.08
980,13406,United Kingdom,2010-12,-79.93,0.0,79.93,0,638,100.04
1559,14003,United Kingdom,2011-06,-93.42,0.0,93.42,0,639,100.0
